# データをグルーピングできる

## 1. グルーピング

給与情報(salaries テーブル)から、従業員ごとに salary が何レコード登録されているかを取得し、従業員番号と登録レコード数を10件表示してください。

```sql
mysql> select emp_no ,count(*) as record_count from salaries GROUP BY emp_no LIMIT 10;
+--------+--------------+
| emp_no | record_count |
+--------+--------------+
|  10001 |           17 |
|  10002 |            6 |
|  10003 |            7 |
|  10004 |           16 |
|  10005 |           13 |
|  10006 |           12 |
|  10007 |           14 |
|  10008 |            3 |
|  10009 |           18 |
|  10010 |            6 |
+--------+--------------+
10 rows in set (0.00 sec)
```

## 2. グルーピングと集計関数

従業員番号10001から10010の従業員ごとの最小給与と最大給与を取得してください。

```sql
mysql> select emp_no ,min(salary) as '最小給与' , max(salary) as '最大給与' from salaries where emp_no BETWEEN 10001 and 10010 group by emp_no;
+--------+--------------+--------------+
| emp_no | 最小給与     | 最大給与     |
+--------+--------------+--------------+
|  10001 |        60117 |        88958 |
|  10002 |        65828 |        72527 |
|  10003 |        40006 |        43699 |
|  10004 |        40054 |        74057 |
|  10005 |        78228 |        94692 |
|  10006 |        40000 |        60098 |
|  10007 |        56724 |        88070 |
|  10008 |        46671 |        52668 |
|  10009 |        60929 |        94443 |
|  10010 |        72488 |        80324 |
+--------+--------------+--------------+
10 rows in set (0.01 sec)
```


## 3. グルーピングと集計関数2

従業員番号10001から10010の従業員ごとの勤務開始日と勤務終了日を取得してください。なお勤務中の場合、勤務終了日は 9999-01-01 となります。



## 4. 絞り込み

従業員ごとの最大給与を求め、そのうち最大給与が140,000を超えている従業員の従業員番号と最大給与を取得してください。

## 5. 最小給与

従業員番号10001から10100の従業員のうち、最小給与が40,000を下回っている従業員の従業員番号とその最小給与を取得してください。

## 6. 最終勤務日

従業員番号10001から10100の従業員のうち、勤務が終了している従業員の従業員番号と最後の勤務終了日を取得してください。なお勤務中の場合、勤務終了日は 9999-01-01 となります。